-- MySQL dump 10.13  Distrib 5.7.27, for Linux (x86_64)
--
-- Host: localhost    Database: userdb
-- ------------------------------------------------------
-- Server version	5.7.27-0ubuntu0.18.04.1

/*!40101 SET @OLD_CHARACTER_SET_CLIENT=@@CHARACTER_SET_CLIENT */;
/*!40101 SET @OLD_CHARACTER_SET_RESULTS=@@CHARACTER_SET_RESULTS */;
/*!40101 SET @OLD_COLLATION_CONNECTION=@@COLLATION_CONNECTION */;
/*!40101 SET NAMES utf8 */;
/*!40103 SET @OLD_TIME_ZONE=@@TIME_ZONE */;
/*!40103 SET TIME_ZONE='+00:00' */;
/*!40014 SET @OLD_UNIQUE_CHECKS=@@UNIQUE_CHECKS, UNIQUE_CHECKS=0 */;
/*!40014 SET @OLD_FOREIGN_KEY_CHECKS=@@FOREIGN_KEY_CHECKS, FOREIGN_KEY_CHECKS=0 */;
/*!40101 SET @OLD_SQL_MODE=@@SQL_MODE, SQL_MODE='NO_AUTO_VALUE_ON_ZERO' */;
/*!40111 SET @OLD_SQL_NOTES=@@SQL_NOTES, SQL_NOTES=0 */;

--
-- Table structure for table `REG_ASSOCIATION`
--

DROP TABLE IF EXISTS `REG_ASSOCIATION`;
/*!40101 SET @saved_cs_client     = @@character_set_client */;
/*!40101 SET character_set_client = utf8 */;
CREATE TABLE `REG_ASSOCIATION` (
  `REG_ASSOCIATION_ID` int(11) NOT NULL AUTO_INCREMENT,
  `REG_SOURCEPATH` varchar(750) NOT NULL,
  `REG_TARGETPATH` varchar(750) NOT NULL,
  `REG_ASSOCIATION_TYPE` varchar(2000) NOT NULL,
  `REG_TENANT_ID` int(11) NOT NULL DEFAULT '0',
  PRIMARY KEY (`REG_ASSOCIATION_ID`,`REG_TENANT_ID`)
) ENGINE=InnoDB DEFAULT CHARSET=latin1;
/*!40101 SET character_set_client = @saved_cs_client */;

--
-- Dumping data for table `REG_ASSOCIATION`
--

LOCK TABLES `REG_ASSOCIATION` WRITE;
/*!40000 ALTER TABLE `REG_ASSOCIATION` DISABLE KEYS */;
/*!40000 ALTER TABLE `REG_ASSOCIATION` ENABLE KEYS */;
UNLOCK TABLES;

--
-- Table structure for table `REG_CLUSTER_LOCK`
--

DROP TABLE IF EXISTS `REG_CLUSTER_LOCK`;
/*!40101 SET @saved_cs_client     = @@character_set_client */;
/*!40101 SET character_set_client = utf8 */;
CREATE TABLE `REG_CLUSTER_LOCK` (
  `REG_LOCK_NAME` varchar(20) NOT NULL,
  `REG_LOCK_STATUS` varchar(20) DEFAULT NULL,
  `REG_LOCKED_TIME` timestamp NOT NULL DEFAULT CURRENT_TIMESTAMP ON UPDATE CURRENT_TIMESTAMP,
  `REG_TENANT_ID` int(11) DEFAULT '0',
  PRIMARY KEY (`REG_LOCK_NAME`)
) ENGINE=InnoDB DEFAULT CHARSET=latin1;
/*!40101 SET character_set_client = @saved_cs_client */;

--
-- Dumping data for table `REG_CLUSTER_LOCK`
--

LOCK TABLES `REG_CLUSTER_LOCK` WRITE;
/*!40000 ALTER TABLE `REG_CLUSTER_LOCK` DISABLE KEYS */;
/*!40000 ALTER TABLE `REG_CLUSTER_LOCK` ENABLE KEYS */;
UNLOCK TABLES;

--
-- Table structure for table `REG_COMMENT`
--

DROP TABLE IF EXISTS `REG_COMMENT`;
/*!40101 SET @saved_cs_client     = @@character_set_client */;
/*!40101 SET character_set_client = utf8 */;
CREATE TABLE `REG_COMMENT` (
  `REG_ID` int(11) NOT NULL AUTO_INCREMENT,
  `REG_COMMENT_TEXT` varchar(500) NOT NULL,
  `REG_USER_ID` varchar(31) NOT NULL,
  `REG_COMMENTED_TIME` timestamp NOT NULL DEFAULT CURRENT_TIMESTAMP ON UPDATE CURRENT_TIMESTAMP,
  `REG_TENANT_ID` int(11) NOT NULL DEFAULT '0',
  PRIMARY KEY (`REG_ID`,`REG_TENANT_ID`)
) ENGINE=InnoDB DEFAULT CHARSET=latin1;
/*!40101 SET character_set_client = @saved_cs_client */;

--
-- Dumping data for table `REG_COMMENT`
--

LOCK TABLES `REG_COMMENT` WRITE;
/*!40000 ALTER TABLE `REG_COMMENT` DISABLE KEYS */;
/*!40000 ALTER TABLE `REG_COMMENT` ENABLE KEYS */;
UNLOCK TABLES;

--
-- Table structure for table `REG_CONTENT`
--

DROP TABLE IF EXISTS `REG_CONTENT`;
/*!40101 SET @saved_cs_client     = @@character_set_client */;
/*!40101 SET character_set_client = utf8 */;
CREATE TABLE `REG_CONTENT` (
  `REG_CONTENT_ID` int(11) NOT NULL AUTO_INCREMENT,
  `REG_CONTENT_DATA` longblob,
  `REG_TENANT_ID` int(11) NOT NULL DEFAULT '0',
  PRIMARY KEY (`REG_CONTENT_ID`,`REG_TENANT_ID`)
) ENGINE=InnoDB DEFAULT CHARSET=latin1;
/*!40101 SET character_set_client = @saved_cs_client */;

--
-- Dumping data for table `REG_CONTENT`
--

LOCK TABLES `REG_CONTENT` WRITE;
/*!40000 ALTER TABLE `REG_CONTENT` DISABLE KEYS */;
/*!40000 ALTER TABLE `REG_CONTENT` ENABLE KEYS */;
UNLOCK TABLES;

--
-- Table structure for table `REG_CONTENT_HISTORY`
--

DROP TABLE IF EXISTS `REG_CONTENT_HISTORY`;
/*!40101 SET @saved_cs_client     = @@character_set_client */;
/*!40101 SET character_set_client = utf8 */;
CREATE TABLE `REG_CONTENT_HISTORY` (
  `REG_CONTENT_ID` int(11) NOT NULL,
  `REG_CONTENT_DATA` longblob,
  `REG_DELETED` smallint(6) DEFAULT NULL,
  `REG_TENANT_ID` int(11) NOT NULL DEFAULT '0',
  PRIMARY KEY (`REG_CONTENT_ID`,`REG_TENANT_ID`)
) ENGINE=InnoDB DEFAULT CHARSET=latin1;
/*!40101 SET character_set_client = @saved_cs_client */;

--
-- Dumping data for table `REG_CONTENT_HISTORY`
--

LOCK TABLES `REG_CONTENT_HISTORY` WRITE;
/*!40000 ALTER TABLE `REG_CONTENT_HISTORY` DISABLE KEYS */;
/*!40000 ALTER TABLE `REG_CONTENT_HISTORY` ENABLE KEYS */;
UNLOCK TABLES;

--
-- Table structure for table `REG_LOG`
--

DROP TABLE IF EXISTS `REG_LOG`;
/*!40101 SET @saved_cs_client     = @@character_set_client */;
/*!40101 SET character_set_client = utf8 */;
CREATE TABLE `REG_LOG` (
  `REG_LOG_ID` int(11) NOT NULL AUTO_INCREMENT,
  `REG_PATH` varchar(750) DEFAULT NULL,
  `REG_USER_ID` varchar(31) NOT NULL,
  `REG_LOGGED_TIME` timestamp NOT NULL DEFAULT CURRENT_TIMESTAMP ON UPDATE CURRENT_TIMESTAMP,
  `REG_ACTION` int(11) NOT NULL,
  `REG_ACTION_DATA` varchar(500) DEFAULT NULL,
  `REG_TENANT_ID` int(11) NOT NULL DEFAULT '0',
  PRIMARY KEY (`REG_LOG_ID`,`REG_TENANT_ID`),
  KEY `REG_LOG_IND_BY_REGLOG` (`REG_LOGGED_TIME`,`REG_TENANT_ID`) USING HASH
) ENGINE=InnoDB AUTO_INCREMENT=19 DEFAULT CHARSET=latin1;
/*!40101 SET character_set_client = @saved_cs_client */;

--
-- Dumping data for table `REG_LOG`
--

LOCK TABLES `REG_LOG` WRITE;
/*!40000 ALTER TABLE `REG_LOG` DISABLE KEYS */;
INSERT INTO `REG_LOG` VALUES (1,'/_system','wso2.system.user','2019-08-27 01:29:50',0,NULL,-1234),(2,'/_system/local','wso2.system.user','2019-08-27 01:29:50',0,NULL,-1234),(3,'/_system/local/repository','wso2.system.user','2019-08-27 01:29:50',0,NULL,-1234),(4,'/_system/local/repository/components','wso2.system.user','2019-08-27 01:29:50',0,NULL,-1234),(5,'/_system/local/repository/components/org.wso2.carbon.registry','wso2.system.user','2019-08-27 01:29:50',0,NULL,-1234),(6,'/_system/local/repository/components/org.wso2.carbon.registry/mount','wso2.system.user','2019-08-27 01:29:50',0,NULL,-1234),(7,'/_system/local/repository/components/org.wso2.carbon.registry/mount/-_system-governance','wso2.system.user','2019-08-27 01:29:50',0,NULL,-1234),(8,'/_system/local/repository/components/org.wso2.carbon.registry/mount/-_system-governance','wso2.system.user','2019-08-27 01:29:50',1,NULL,-1234),(9,'/_system/local/repository/components/org.wso2.carbon.registry/mount/-_system-config','wso2.system.user','2019-08-27 01:29:50',0,NULL,-1234),(10,'/','wso2.system.user','2019-08-27 01:29:50',0,NULL,-1234),(11,'/_system','wso2.system.user','2019-08-27 01:29:50',0,NULL,-1234),(12,'/_system/local','wso2.system.user','2019-08-27 01:29:50',0,NULL,-1234),(13,'/_system/local/repository','wso2.system.user','2019-08-27 01:29:50',0,NULL,-1234),(14,'/_system/local/repository/components','wso2.system.user','2019-08-27 01:29:51',0,NULL,-1234),(15,'/_system/local/repository/components/org.wso2.carbon.registry','wso2.system.user','2019-08-27 01:29:51',0,NULL,-1234),(16,'/_system/local/repository/components/org.wso2.carbon.registry/mount','wso2.system.user','2019-08-27 01:29:51',0,NULL,-1234),(17,'/_system/local/repository/components/org.wso2.carbon.registry/mount/-_system-config','wso2.system.user','2019-08-27 01:29:51',0,NULL,-1234),(18,'/_system/local/repository/components/org.wso2.carbon.registry/mount/-_system-config','wso2.system.user','2019-08-27 01:29:51',1,NULL,-1234);
/*!40000 ALTER TABLE `REG_LOG` ENABLE KEYS */;
UNLOCK TABLES;

--
-- Table structure for table `REG_PATH`
--

DROP TABLE IF EXISTS `REG_PATH`;
/*!40101 SET @saved_cs_client     = @@character_set_client */;
/*!40101 SET character_set_client = utf8 */;
CREATE TABLE `REG_PATH` (
  `REG_PATH_ID` int(11) NOT NULL AUTO_INCREMENT,
  `REG_PATH_VALUE` varchar(750) NOT NULL,
  `REG_PATH_PARENT_ID` int(11) DEFAULT NULL,
  `REG_TENANT_ID` int(11) NOT NULL DEFAULT '0',
  PRIMARY KEY (`REG_PATH_ID`,`REG_TENANT_ID`),
  KEY `REG_PATH_IND_BY_PATH_VALUE` (`REG_PATH_VALUE`,`REG_TENANT_ID`) USING HASH,
  KEY `REG_PATH_IND_BY_PATH_PARENT_ID` (`REG_PATH_PARENT_ID`,`REG_TENANT_ID`) USING HASH
) ENGINE=InnoDB AUTO_INCREMENT=12 DEFAULT CHARSET=latin1;
/*!40101 SET character_set_client = @saved_cs_client */;

--
-- Dumping data for table `REG_PATH`
--

LOCK TABLES `REG_PATH` WRITE;
/*!40000 ALTER TABLE `REG_PATH` DISABLE KEYS */;
INSERT INTO `REG_PATH` VALUES (1,'/',-1,-1234),(2,'/_system',1,-1234),(3,'/_system/local',2,-1234),(4,'/_system/config',2,-1234),(5,'/_system/governance',2,-1234),(6,'/_system/local/repository',3,-1234),(7,'/_system/governance/repository',5,-1234),(8,'/_system/config/repository',4,-1234),(9,'/_system/local/repository/components',6,-1234),(10,'/_system/local/repository/components/org.wso2.carbon.registry',9,-1234),(11,'/_system/local/repository/components/org.wso2.carbon.registry/mount',10,-1234);
/*!40000 ALTER TABLE `REG_PATH` ENABLE KEYS */;
UNLOCK TABLES;

--
-- Table structure for table `REG_PROPERTY`
--

DROP TABLE IF EXISTS `REG_PROPERTY`;
/*!40101 SET @saved_cs_client     = @@character_set_client */;
/*!40101 SET character_set_client = utf8 */;
CREATE TABLE `REG_PROPERTY` (
  `REG_ID` int(11) NOT NULL AUTO_INCREMENT,
  `REG_NAME` varchar(100) NOT NULL,
  `REG_VALUE` varchar(1000) DEFAULT NULL,
  `REG_TENANT_ID` int(11) NOT NULL DEFAULT '0',
  PRIMARY KEY (`REG_ID`,`REG_TENANT_ID`)
) ENGINE=InnoDB AUTO_INCREMENT=23 DEFAULT CHARSET=latin1;
/*!40101 SET character_set_client = @saved_cs_client */;

--
-- Dumping data for table `REG_PROPERTY`
--

LOCK TABLES `REG_PROPERTY` WRITE;
/*!40000 ALTER TABLE `REG_PROPERTY` DISABLE KEYS */;
INSERT INTO `REG_PROPERTY` VALUES (1,'registry.linkrestoration','/_system/governance;gov;/_system/governance;wso2.system.user',-1234),(2,'registry.nonrecursive','true',-1234),(3,'subPath','/_system/governance',-1234),(4,'author','wso2.system.user',-1234),(5,'target','gov',-1234),(6,'path','/_system/governance',-1234),(7,'registry.fixedmount','true',-1234),(8,'subPath','/_system/governance',-1234),(9,'author','wso2.system.user',-1234),(10,'target','gov',-1234),(11,'path','/_system/governance',-1234),(12,'registry.linkrestoration','/_system/config;gov;/_system/config;wso2.system.user',-1234),(13,'registry.nonrecursive','true',-1234),(14,'subPath','/_system/config',-1234),(15,'author','wso2.system.user',-1234),(16,'target','gov',-1234),(17,'path','/_system/config',-1234),(18,'registry.fixedmount','true',-1234),(19,'subPath','/_system/config',-1234),(20,'author','wso2.system.user',-1234),(21,'target','gov',-1234),(22,'path','/_system/config',-1234);
/*!40000 ALTER TABLE `REG_PROPERTY` ENABLE KEYS */;
UNLOCK TABLES;

--
-- Table structure for table `REG_RATING`
--

DROP TABLE IF EXISTS `REG_RATING`;
/*!40101 SET @saved_cs_client     = @@character_set_client */;
/*!40101 SET character_set_client = utf8 */;
CREATE TABLE `REG_RATING` (
  `REG_ID` int(11) NOT NULL AUTO_INCREMENT,
  `REG_RATING` int(11) NOT NULL,
  `REG_USER_ID` varchar(31) NOT NULL,
  `REG_RATED_TIME` timestamp NOT NULL DEFAULT CURRENT_TIMESTAMP ON UPDATE CURRENT_TIMESTAMP,
  `REG_TENANT_ID` int(11) NOT NULL DEFAULT '0',
  PRIMARY KEY (`REG_ID`,`REG_TENANT_ID`)
) ENGINE=InnoDB DEFAULT CHARSET=latin1;
/*!40101 SET character_set_client = @saved_cs_client */;

--
-- Dumping data for table `REG_RATING`
--

LOCK TABLES `REG_RATING` WRITE;
/*!40000 ALTER TABLE `REG_RATING` DISABLE KEYS */;
/*!40000 ALTER TABLE `REG_RATING` ENABLE KEYS */;
UNLOCK TABLES;

--
-- Table structure for table `REG_RESOURCE`
--

DROP TABLE IF EXISTS `REG_RESOURCE`;
/*!40101 SET @saved_cs_client     = @@character_set_client */;
/*!40101 SET character_set_client = utf8 */;
CREATE TABLE `REG_RESOURCE` (
  `REG_PATH_ID` int(11) NOT NULL,
  `REG_NAME` varchar(256) DEFAULT NULL,
  `REG_VERSION` int(11) NOT NULL AUTO_INCREMENT,
  `REG_MEDIA_TYPE` varchar(500) DEFAULT NULL,
  `REG_CREATOR` varchar(31) NOT NULL,
  `REG_CREATED_TIME` timestamp NOT NULL DEFAULT CURRENT_TIMESTAMP,
  `REG_LAST_UPDATOR` varchar(31) DEFAULT NULL,
  `REG_LAST_UPDATED_TIME` timestamp NOT NULL DEFAULT CURRENT_TIMESTAMP,
  `REG_DESCRIPTION` varchar(1000) DEFAULT NULL,
  `REG_CONTENT_ID` int(11) DEFAULT NULL,
  `REG_TENANT_ID` int(11) NOT NULL DEFAULT '0',
  `REG_UUID` varchar(100) NOT NULL,
  PRIMARY KEY (`REG_VERSION`,`REG_TENANT_ID`),
  KEY `REG_RESOURCE_FK_BY_PATH_ID` (`REG_PATH_ID`,`REG_TENANT_ID`),
  KEY `REG_RESOURCE_FK_BY_CONTENT_ID` (`REG_CONTENT_ID`,`REG_TENANT_ID`),
  KEY `REG_RESOURCE_IND_BY_NAME` (`REG_NAME`,`REG_TENANT_ID`) USING HASH,
  KEY `REG_RESOURCE_IND_BY_PATH_ID_NAME` (`REG_PATH_ID`,`REG_NAME`,`REG_TENANT_ID`) USING HASH,
  KEY `REG_RESOURCE_IND_BY_UUID` (`REG_UUID`) USING HASH,
  KEY `REG_RESOURCE_IND_BY_TENAN` (`REG_TENANT_ID`,`REG_UUID`) USING HASH,
  KEY `REG_RESOURCE_IND_BY_TYPE` (`REG_TENANT_ID`,`REG_MEDIA_TYPE`) USING HASH,
  KEY `REG_RESOURCE_HISTORY_IND_BY_PATH_ID_NAME` (`REG_PATH_ID`,`REG_NAME`,`REG_TENANT_ID`) USING HASH,
  CONSTRAINT `REG_RESOURCE_FK_BY_CONTENT_ID` FOREIGN KEY (`REG_CONTENT_ID`, `REG_TENANT_ID`) REFERENCES `REG_CONTENT` (`REG_CONTENT_ID`, `REG_TENANT_ID`),
  CONSTRAINT `REG_RESOURCE_FK_BY_PATH_ID` FOREIGN KEY (`REG_PATH_ID`, `REG_TENANT_ID`) REFERENCES `REG_PATH` (`REG_PATH_ID`, `REG_TENANT_ID`)
) ENGINE=InnoDB AUTO_INCREMENT=18 DEFAULT CHARSET=latin1;
/*!40101 SET character_set_client = @saved_cs_client */;

--
-- Dumping data for table `REG_RESOURCE`
--

LOCK TABLES `REG_RESOURCE` WRITE;
/*!40000 ALTER TABLE `REG_RESOURCE` DISABLE KEYS */;
INSERT INTO `REG_RESOURCE` VALUES (1,NULL,1,NULL,'wso2.system.user','2019-08-27 01:29:50','wso2.system.user','2019-08-27 01:29:50',NULL,NULL,-1234,'8892b16e-cd2f-4c01-8bcf-eb72583453fa'),(2,NULL,2,NULL,'wso2.system.user','2019-08-27 01:29:50','wso2.system.user','2019-08-27 01:29:50','System collection of the Registry. This collection is used to store the resources required by the carbon server.',NULL,-1234,'406f7c2c-5c19-49a4-9b74-f52e1dee9c2d'),(3,NULL,3,NULL,'wso2.system.user','2019-08-27 01:29:50','wso2.system.user','2019-08-27 01:29:50','Local data repository of the carbon server. This collection is used to store the resources local to this carbon server instance.',NULL,-1234,'e10e6395-c6f3-4a55-b694-eb380e74ae28'),(6,NULL,6,NULL,'wso2.system.user','2019-08-27 01:29:50','wso2.system.user','2019-08-27 01:29:50',NULL,NULL,-1234,'d3c8a40e-2f5e-4649-a105-a2b53003e891'),(9,NULL,9,NULL,'wso2.system.user','2019-08-27 01:29:50','wso2.system.user','2019-08-27 01:29:50',NULL,NULL,-1234,'4650102d-cdd9-4498-818f-0c2677fd7cff'),(10,NULL,10,NULL,'wso2.system.user','2019-08-27 01:29:50','wso2.system.user','2019-08-27 01:29:50',NULL,NULL,-1234,'df85170a-438b-4dd0-a565-6fdaf1f8a714'),(11,NULL,11,NULL,'wso2.system.user','2019-08-27 01:29:50','wso2.system.user','2019-08-27 01:29:50','Mount collection stores details of mount points of the registry.',NULL,-1234,'be1691c8-f2f6-44cc-a9d9-bc194a34f6ed'),(5,NULL,12,'application/vnd.wso2-link','wso2.system.user','2019-08-27 01:29:50','wso2.system.user','2019-08-27 01:29:50',NULL,NULL,-1234,'bf906077-503f-4d20-856b-1372bdb1e815'),(11,'-_system-governance',14,'application/vnd.wso2.mount','wso2.system.user','2019-08-27 01:29:50','wso2.system.user','2019-08-27 01:29:50',NULL,NULL,-1234,'1c1e07ca-c5c1-43d0-b680-e19b301229dd'),(4,NULL,15,'application/vnd.wso2-link','wso2.system.user','2019-08-27 01:29:50','wso2.system.user','2019-08-27 01:29:50',NULL,NULL,-1234,'decf2441-f625-441d-a7ab-89b6381d2f25'),(11,'-_system-config',17,'application/vnd.wso2.mount','wso2.system.user','2019-08-27 01:29:50','wso2.system.user','2019-08-27 01:29:51',NULL,NULL,-1234,'e34140bf-e29d-41e5-a92d-2f6c5c5f0bc4');
/*!40000 ALTER TABLE `REG_RESOURCE` ENABLE KEYS */;
UNLOCK TABLES;

--
-- Table structure for table `REG_RESOURCE_COMMENT`
--

DROP TABLE IF EXISTS `REG_RESOURCE_COMMENT`;
/*!40101 SET @saved_cs_client     = @@character_set_client */;
/*!40101 SET character_set_client = utf8 */;
CREATE TABLE `REG_RESOURCE_COMMENT` (
  `REG_COMMENT_ID` int(11) NOT NULL,
  `REG_VERSION` int(11) DEFAULT NULL,
  `REG_PATH_ID` int(11) DEFAULT NULL,
  `REG_RESOURCE_NAME` varchar(256) DEFAULT NULL,
  `REG_TENANT_ID` int(11) DEFAULT '0',
  KEY `REG_RESOURCE_COMMENT_FK_BY_PATH_ID` (`REG_PATH_ID`,`REG_TENANT_ID`),
  KEY `REG_RESOURCE_COMMENT_FK_BY_COMMENT_ID` (`REG_COMMENT_ID`,`REG_TENANT_ID`),
  KEY `REG_RESOURCE_COMMENT_IND_BY_PATH_ID_AND_RESOURCE_NAME` (`REG_PATH_ID`,`REG_RESOURCE_NAME`,`REG_TENANT_ID`) USING HASH,
  KEY `REG_RESOURCE_COMMENT_IND_BY_VERSION` (`REG_VERSION`,`REG_TENANT_ID`) USING HASH,
  CONSTRAINT `REG_RESOURCE_COMMENT_FK_BY_COMMENT_ID` FOREIGN KEY (`REG_COMMENT_ID`, `REG_TENANT_ID`) REFERENCES `REG_COMMENT` (`REG_ID`, `REG_TENANT_ID`),
  CONSTRAINT `REG_RESOURCE_COMMENT_FK_BY_PATH_ID` FOREIGN KEY (`REG_PATH_ID`, `REG_TENANT_ID`) REFERENCES `REG_PATH` (`REG_PATH_ID`, `REG_TENANT_ID`)
) ENGINE=InnoDB DEFAULT CHARSET=latin1;
/*!40101 SET character_set_client = @saved_cs_client */;

--
-- Dumping data for table `REG_RESOURCE_COMMENT`
--

LOCK TABLES `REG_RESOURCE_COMMENT` WRITE;
/*!40000 ALTER TABLE `REG_RESOURCE_COMMENT` DISABLE KEYS */;
/*!40000 ALTER TABLE `REG_RESOURCE_COMMENT` ENABLE KEYS */;
UNLOCK TABLES;

--
-- Table structure for table `REG_RESOURCE_HISTORY`
--

DROP TABLE IF EXISTS `REG_RESOURCE_HISTORY`;
/*!40101 SET @saved_cs_client     = @@character_set_client */;
/*!40101 SET character_set_client = utf8 */;
CREATE TABLE `REG_RESOURCE_HISTORY` (
  `REG_PATH_ID` int(11) NOT NULL,
  `REG_NAME` varchar(256) DEFAULT NULL,
  `REG_VERSION` int(11) NOT NULL,
  `REG_MEDIA_TYPE` varchar(500) DEFAULT NULL,
  `REG_CREATOR` varchar(31) NOT NULL,
  `REG_CREATED_TIME` timestamp NOT NULL DEFAULT CURRENT_TIMESTAMP,
  `REG_LAST_UPDATOR` varchar(31) DEFAULT NULL,
  `REG_LAST_UPDATED_TIME` timestamp NOT NULL DEFAULT CURRENT_TIMESTAMP,
  `REG_DESCRIPTION` varchar(1000) DEFAULT NULL,
  `REG_CONTENT_ID` int(11) DEFAULT NULL,
  `REG_DELETED` smallint(6) DEFAULT NULL,
  `REG_TENANT_ID` int(11) NOT NULL DEFAULT '0',
  `REG_UUID` varchar(100) NOT NULL,
  PRIMARY KEY (`REG_VERSION`,`REG_TENANT_ID`),
  KEY `REG_RESOURCE_HIST_FK_BY_PATHID` (`REG_PATH_ID`,`REG_TENANT_ID`),
  KEY `REG_RESOURCE_HIST_FK_BY_CONTENT_ID` (`REG_CONTENT_ID`,`REG_TENANT_ID`),
  KEY `REG_RESOURCE_HISTORY_IND_BY_NAME` (`REG_NAME`,`REG_TENANT_ID`) USING HASH,
  CONSTRAINT `REG_RESOURCE_HIST_FK_BY_CONTENT_ID` FOREIGN KEY (`REG_CONTENT_ID`, `REG_TENANT_ID`) REFERENCES `REG_CONTENT_HISTORY` (`REG_CONTENT_ID`, `REG_TENANT_ID`),
  CONSTRAINT `REG_RESOURCE_HIST_FK_BY_PATHID` FOREIGN KEY (`REG_PATH_ID`, `REG_TENANT_ID`) REFERENCES `REG_PATH` (`REG_PATH_ID`, `REG_TENANT_ID`)
) ENGINE=InnoDB DEFAULT CHARSET=latin1;
/*!40101 SET character_set_client = @saved_cs_client */;

--
-- Dumping data for table `REG_RESOURCE_HISTORY`
--

LOCK TABLES `REG_RESOURCE_HISTORY` WRITE;
/*!40000 ALTER TABLE `REG_RESOURCE_HISTORY` DISABLE KEYS */;
/*!40000 ALTER TABLE `REG_RESOURCE_HISTORY` ENABLE KEYS */;
UNLOCK TABLES;

--
-- Table structure for table `REG_RESOURCE_PROPERTY`
--

DROP TABLE IF EXISTS `REG_RESOURCE_PROPERTY`;
/*!40101 SET @saved_cs_client     = @@character_set_client */;
/*!40101 SET character_set_client = utf8 */;
CREATE TABLE `REG_RESOURCE_PROPERTY` (
  `REG_PROPERTY_ID` int(11) NOT NULL,
  `REG_VERSION` int(11) DEFAULT NULL,
  `REG_PATH_ID` int(11) DEFAULT NULL,
  `REG_RESOURCE_NAME` varchar(256) DEFAULT NULL,
  `REG_TENANT_ID` int(11) DEFAULT '0',
  KEY `REG_RESOURCE_PROPERTY_FK_BY_PATH_ID` (`REG_PATH_ID`,`REG_TENANT_ID`),
  KEY `REG_RESOURCE_PROPERTY_FK_BY_TAG_ID` (`REG_PROPERTY_ID`,`REG_TENANT_ID`),
  KEY `REG_RESOURCE_PROPERTY_IND_BY_PATH_ID_AND_RESOURCE_NAME` (`REG_PATH_ID`,`REG_RESOURCE_NAME`,`REG_TENANT_ID`) USING HASH,
  KEY `REG_RESOURCE_PROPERTY_IND_BY_VERSION` (`REG_VERSION`,`REG_TENANT_ID`) USING HASH,
  CONSTRAINT `REG_RESOURCE_PROPERTY_FK_BY_PATH_ID` FOREIGN KEY (`REG_PATH_ID`, `REG_TENANT_ID`) REFERENCES `REG_PATH` (`REG_PATH_ID`, `REG_TENANT_ID`),
  CONSTRAINT `REG_RESOURCE_PROPERTY_FK_BY_TAG_ID` FOREIGN KEY (`REG_PROPERTY_ID`, `REG_TENANT_ID`) REFERENCES `REG_PROPERTY` (`REG_ID`, `REG_TENANT_ID`)
) ENGINE=InnoDB DEFAULT CHARSET=latin1;
/*!40101 SET character_set_client = @saved_cs_client */;

--
-- Dumping data for table `REG_RESOURCE_PROPERTY`
--

LOCK TABLES `REG_RESOURCE_PROPERTY` WRITE;
/*!40000 ALTER TABLE `REG_RESOURCE_PROPERTY` DISABLE KEYS */;
INSERT INTO `REG_RESOURCE_PROPERTY` VALUES (1,12,NULL,NULL,-1234),(2,12,NULL,NULL,-1234),(3,13,NULL,NULL,-1234),(4,13,NULL,NULL,-1234),(5,13,NULL,NULL,-1234),(6,13,NULL,NULL,-1234),(7,14,NULL,NULL,-1234),(8,14,NULL,NULL,-1234),(9,14,NULL,NULL,-1234),(10,14,NULL,NULL,-1234),(11,14,NULL,NULL,-1234),(12,15,NULL,NULL,-1234),(13,15,NULL,NULL,-1234),(14,16,NULL,NULL,-1234),(15,16,NULL,NULL,-1234),(16,16,NULL,NULL,-1234),(17,16,NULL,NULL,-1234),(18,17,NULL,NULL,-1234),(19,17,NULL,NULL,-1234),(20,17,NULL,NULL,-1234),(21,17,NULL,NULL,-1234),(22,17,NULL,NULL,-1234);
/*!40000 ALTER TABLE `REG_RESOURCE_PROPERTY` ENABLE KEYS */;
UNLOCK TABLES;

--
-- Table structure for table `REG_RESOURCE_RATING`
--

DROP TABLE IF EXISTS `REG_RESOURCE_RATING`;
/*!40101 SET @saved_cs_client     = @@character_set_client */;
/*!40101 SET character_set_client = utf8 */;
CREATE TABLE `REG_RESOURCE_RATING` (
  `REG_RATING_ID` int(11) NOT NULL,
  `REG_VERSION` int(11) DEFAULT NULL,
  `REG_PATH_ID` int(11) DEFAULT NULL,
  `REG_RESOURCE_NAME` varchar(256) DEFAULT NULL,
  `REG_TENANT_ID` int(11) DEFAULT '0',
  KEY `REG_RESOURCE_RATING_FK_BY_PATH_ID` (`REG_PATH_ID`,`REG_TENANT_ID`),
  KEY `REG_RESOURCE_RATING_FK_BY_RATING_ID` (`REG_RATING_ID`,`REG_TENANT_ID`),
  KEY `REG_RESOURCE_RATING_IND_BY_PATH_ID_AND_RESOURCE_NAME` (`REG_PATH_ID`,`REG_RESOURCE_NAME`,`REG_TENANT_ID`) USING HASH,
  KEY `REG_RESOURCE_RATING_IND_BY_VERSION` (`REG_VERSION`,`REG_TENANT_ID`) USING HASH,
  CONSTRAINT `REG_RESOURCE_RATING_FK_BY_PATH_ID` FOREIGN KEY (`REG_PATH_ID`, `REG_TENANT_ID`) REFERENCES `REG_PATH` (`REG_PATH_ID`, `REG_TENANT_ID`),
  CONSTRAINT `REG_RESOURCE_RATING_FK_BY_RATING_ID` FOREIGN KEY (`REG_RATING_ID`, `REG_TENANT_ID`) REFERENCES `REG_RATING` (`REG_ID`, `REG_TENANT_ID`)
) ENGINE=InnoDB DEFAULT CHARSET=latin1;
/*!40101 SET character_set_client = @saved_cs_client */;

--
-- Dumping data for table `REG_RESOURCE_RATING`
--

LOCK TABLES `REG_RESOURCE_RATING` WRITE;
/*!40000 ALTER TABLE `REG_RESOURCE_RATING` DISABLE KEYS */;
/*!40000 ALTER TABLE `REG_RESOURCE_RATING` ENABLE KEYS */;
UNLOCK TABLES;

--
-- Table structure for table `REG_RESOURCE_TAG`
--

DROP TABLE IF EXISTS `REG_RESOURCE_TAG`;
/*!40101 SET @saved_cs_client     = @@character_set_client */;
/*!40101 SET character_set_client = utf8 */;
CREATE TABLE `REG_RESOURCE_TAG` (
  `REG_TAG_ID` int(11) NOT NULL,
  `REG_VERSION` int(11) DEFAULT NULL,
  `REG_PATH_ID` int(11) DEFAULT NULL,
  `REG_RESOURCE_NAME` varchar(256) DEFAULT NULL,
  `REG_TENANT_ID` int(11) DEFAULT '0',
  KEY `REG_RESOURCE_TAG_FK_BY_PATH_ID` (`REG_PATH_ID`,`REG_TENANT_ID`),
  KEY `REG_RESOURCE_TAG_FK_BY_TAG_ID` (`REG_TAG_ID`,`REG_TENANT_ID`),
  KEY `REG_RESOURCE_TAG_IND_BY_PATH_ID_AND_RESOURCE_NAME` (`REG_PATH_ID`,`REG_RESOURCE_NAME`,`REG_TENANT_ID`) USING HASH,
  KEY `REG_RESOURCE_TAG_IND_BY_VERSION` (`REG_VERSION`,`REG_TENANT_ID`) USING HASH,
  CONSTRAINT `REG_RESOURCE_TAG_FK_BY_PATH_ID` FOREIGN KEY (`REG_PATH_ID`, `REG_TENANT_ID`) REFERENCES `REG_PATH` (`REG_PATH_ID`, `REG_TENANT_ID`),
  CONSTRAINT `REG_RESOURCE_TAG_FK_BY_TAG_ID` FOREIGN KEY (`REG_TAG_ID`, `REG_TENANT_ID`) REFERENCES `REG_TAG` (`REG_ID`, `REG_TENANT_ID`)
) ENGINE=InnoDB DEFAULT CHARSET=latin1;
/*!40101 SET character_set_client = @saved_cs_client */;

--
-- Dumping data for table `REG_RESOURCE_TAG`
--

LOCK TABLES `REG_RESOURCE_TAG` WRITE;
/*!40000 ALTER TABLE `REG_RESOURCE_TAG` DISABLE KEYS */;
/*!40000 ALTER TABLE `REG_RESOURCE_TAG` ENABLE KEYS */;
UNLOCK TABLES;

--
-- Table structure for table `REG_SNAPSHOT`
--

DROP TABLE IF EXISTS `REG_SNAPSHOT`;
/*!40101 SET @saved_cs_client     = @@character_set_client */;
/*!40101 SET character_set_client = utf8 */;
CREATE TABLE `REG_SNAPSHOT` (
  `REG_SNAPSHOT_ID` int(11) NOT NULL AUTO_INCREMENT,
  `REG_PATH_ID` int(11) NOT NULL,
  `REG_RESOURCE_NAME` varchar(255) DEFAULT NULL,
  `REG_RESOURCE_VIDS` longblob NOT NULL,
  `REG_TENANT_ID` int(11) NOT NULL DEFAULT '0',
  PRIMARY KEY (`REG_SNAPSHOT_ID`,`REG_TENANT_ID`),
  KEY `REG_SNAPSHOT_IND_BY_PATH_ID_AND_RESOURCE_NAME` (`REG_PATH_ID`,`REG_RESOURCE_NAME`,`REG_TENANT_ID`) USING HASH,
  KEY `REG_SNAPSHOT_FK_BY_PATH_ID` (`REG_PATH_ID`,`REG_TENANT_ID`),
  CONSTRAINT `REG_SNAPSHOT_FK_BY_PATH_ID` FOREIGN KEY (`REG_PATH_ID`, `REG_TENANT_ID`) REFERENCES `REG_PATH` (`REG_PATH_ID`, `REG_TENANT_ID`)
) ENGINE=InnoDB DEFAULT CHARSET=latin1;
/*!40101 SET character_set_client = @saved_cs_client */;

--
-- Dumping data for table `REG_SNAPSHOT`
--

LOCK TABLES `REG_SNAPSHOT` WRITE;
/*!40000 ALTER TABLE `REG_SNAPSHOT` DISABLE KEYS */;
/*!40000 ALTER TABLE `REG_SNAPSHOT` ENABLE KEYS */;
UNLOCK TABLES;

--
-- Table structure for table `REG_TAG`
--

DROP TABLE IF EXISTS `REG_TAG`;
/*!40101 SET @saved_cs_client     = @@character_set_client */;
/*!40101 SET character_set_client = utf8 */;
CREATE TABLE `REG_TAG` (
  `REG_ID` int(11) NOT NULL AUTO_INCREMENT,
  `REG_TAG_NAME` varchar(500) NOT NULL,
  `REG_USER_ID` varchar(31) NOT NULL,
  `REG_TAGGED_TIME` timestamp NOT NULL DEFAULT CURRENT_TIMESTAMP ON UPDATE CURRENT_TIMESTAMP,
  `REG_TENANT_ID` int(11) NOT NULL DEFAULT '0',
  PRIMARY KEY (`REG_ID`,`REG_TENANT_ID`)
) ENGINE=InnoDB DEFAULT CHARSET=latin1;
/*!40101 SET character_set_client = @saved_cs_client */;

--
-- Dumping data for table `REG_TAG`
--

LOCK TABLES `REG_TAG` WRITE;
/*!40000 ALTER TABLE `REG_TAG` DISABLE KEYS */;
/*!40000 ALTER TABLE `REG_TAG` ENABLE KEYS */;
UNLOCK TABLES;

--
-- Table structure for table `UM_ACCOUNT_MAPPING`
--

DROP TABLE IF EXISTS `UM_ACCOUNT_MAPPING`;
/*!40101 SET @saved_cs_client     = @@character_set_client */;
/*!40101 SET character_set_client = utf8 */;
CREATE TABLE `UM_ACCOUNT_MAPPING` (
  `UM_ID` int(11) NOT NULL AUTO_INCREMENT,
  `UM_USER_NAME` varchar(255) NOT NULL,
  `UM_TENANT_ID` int(11) NOT NULL,
  `UM_USER_STORE_DOMAIN` varchar(100) DEFAULT NULL,
  `UM_ACC_LINK_ID` int(11) NOT NULL,
  PRIMARY KEY (`UM_ID`),
  UNIQUE KEY `UM_USER_NAME` (`UM_USER_NAME`,`UM_TENANT_ID`,`UM_USER_STORE_DOMAIN`,`UM_ACC_LINK_ID`),
  KEY `UM_TENANT_ID` (`UM_TENANT_ID`),
  CONSTRAINT `UM_ACCOUNT_MAPPING_ibfk_1` FOREIGN KEY (`UM_TENANT_ID`) REFERENCES `UM_TENANT` (`UM_ID`) ON DELETE CASCADE
) ENGINE=InnoDB DEFAULT CHARSET=latin1;
/*!40101 SET character_set_client = @saved_cs_client */;

--
-- Dumping data for table `UM_ACCOUNT_MAPPING`
--

LOCK TABLES `UM_ACCOUNT_MAPPING` WRITE;
/*!40000 ALTER TABLE `UM_ACCOUNT_MAPPING` DISABLE KEYS */;
/*!40000 ALTER TABLE `UM_ACCOUNT_MAPPING` ENABLE KEYS */;
UNLOCK TABLES;

--
-- Table structure for table `UM_CLAIM`
--

DROP TABLE IF EXISTS `UM_CLAIM`;
/*!40101 SET @saved_cs_client     = @@character_set_client */;
/*!40101 SET character_set_client = utf8 */;
CREATE TABLE `UM_CLAIM` (
  `UM_ID` int(11) NOT NULL AUTO_INCREMENT,
  `UM_DIALECT_ID` int(11) NOT NULL,
  `UM_CLAIM_URI` varchar(255) NOT NULL,
  `UM_DISPLAY_TAG` varchar(255) DEFAULT NULL,
  `UM_DESCRIPTION` varchar(255) DEFAULT NULL,
  `UM_MAPPED_ATTRIBUTE_DOMAIN` varchar(255) DEFAULT NULL,
  `UM_MAPPED_ATTRIBUTE` varchar(255) DEFAULT NULL,
  `UM_REG_EX` varchar(255) DEFAULT NULL,
  `UM_SUPPORTED` smallint(6) DEFAULT NULL,
  `UM_REQUIRED` smallint(6) DEFAULT NULL,
  `UM_DISPLAY_ORDER` int(11) DEFAULT NULL,
  `UM_CHECKED_ATTRIBUTE` smallint(6) DEFAULT NULL,
  `UM_READ_ONLY` smallint(6) DEFAULT NULL,
  `UM_TENANT_ID` int(11) NOT NULL DEFAULT '0',
  PRIMARY KEY (`UM_ID`,`UM_TENANT_ID`),
  UNIQUE KEY `UM_DIALECT_ID` (`UM_DIALECT_ID`,`UM_CLAIM_URI`,`UM_TENANT_ID`,`UM_MAPPED_ATTRIBUTE_DOMAIN`),
  KEY `UM_DIALECT_ID_2` (`UM_DIALECT_ID`,`UM_TENANT_ID`),
  CONSTRAINT `UM_CLAIM_ibfk_1` FOREIGN KEY (`UM_DIALECT_ID`, `UM_TENANT_ID`) REFERENCES `UM_DIALECT` (`UM_ID`, `UM_TENANT_ID`)
) ENGINE=InnoDB DEFAULT CHARSET=latin1;
/*!40101 SET character_set_client = @saved_cs_client */;

--
-- Dumping data for table `UM_CLAIM`
--

LOCK TABLES `UM_CLAIM` WRITE;
/*!40000 ALTER TABLE `UM_CLAIM` DISABLE KEYS */;
/*!40000 ALTER TABLE `UM_CLAIM` ENABLE KEYS */;
UNLOCK TABLES;

--
-- Table structure for table `UM_CLAIM_BEHAVIOR`
--

DROP TABLE IF EXISTS `UM_CLAIM_BEHAVIOR`;
/*!40101 SET @saved_cs_client     = @@character_set_client */;
/*!40101 SET character_set_client = utf8 */;
CREATE TABLE `UM_CLAIM_BEHAVIOR` (
  `UM_ID` int(11) NOT NULL AUTO_INCREMENT,
  `UM_PROFILE_ID` int(11) DEFAULT NULL,
  `UM_CLAIM_ID` int(11) DEFAULT NULL,
  `UM_BEHAVIOUR` smallint(6) DEFAULT NULL,
  `UM_TENANT_ID` int(11) NOT NULL DEFAULT '0',
  PRIMARY KEY (`UM_ID`,`UM_TENANT_ID`),
  KEY `UM_PROFILE_ID` (`UM_PROFILE_ID`,`UM_TENANT_ID`),
  KEY `UM_CLAIM_ID` (`UM_CLAIM_ID`,`UM_TENANT_ID`),
  CONSTRAINT `UM_CLAIM_BEHAVIOR_ibfk_1` FOREIGN KEY (`UM_PROFILE_ID`, `UM_TENANT_ID`) REFERENCES `UM_PROFILE_CONFIG` (`UM_ID`, `UM_TENANT_ID`),
  CONSTRAINT `UM_CLAIM_BEHAVIOR_ibfk_2` FOREIGN KEY (`UM_CLAIM_ID`, `UM_TENANT_ID`) REFERENCES `UM_CLAIM` (`UM_ID`, `UM_TENANT_ID`)
) ENGINE=InnoDB DEFAULT CHARSET=latin1;
/*!40101 SET character_set_client = @saved_cs_client */;

--
-- Dumping data for table `UM_CLAIM_BEHAVIOR`
--

LOCK TABLES `UM_CLAIM_BEHAVIOR` WRITE;
/*!40000 ALTER TABLE `UM_CLAIM_BEHAVIOR` DISABLE KEYS */;
/*!40000 ALTER TABLE `UM_CLAIM_BEHAVIOR` ENABLE KEYS */;
UNLOCK TABLES;

--
-- Table structure for table `UM_DIALECT`
--

DROP TABLE IF EXISTS `UM_DIALECT`;
/*!40101 SET @saved_cs_client     = @@character_set_client */;
/*!40101 SET character_set_client = utf8 */;
CREATE TABLE `UM_DIALECT` (
  `UM_ID` int(11) NOT NULL AUTO_INCREMENT,
  `UM_DIALECT_URI` varchar(255) NOT NULL,
  `UM_TENANT_ID` int(11) NOT NULL DEFAULT '0',
  PRIMARY KEY (`UM_ID`,`UM_TENANT_ID`),
  UNIQUE KEY `UM_DIALECT_URI` (`UM_DIALECT_URI`,`UM_TENANT_ID`)
) ENGINE=InnoDB DEFAULT CHARSET=latin1;
/*!40101 SET character_set_client = @saved_cs_client */;

--
-- Dumping data for table `UM_DIALECT`
--

LOCK TABLES `UM_DIALECT` WRITE;
/*!40000 ALTER TABLE `UM_DIALECT` DISABLE KEYS */;
/*!40000 ALTER TABLE `UM_DIALECT` ENABLE KEYS */;
UNLOCK TABLES;

--
-- Table structure for table `UM_DOMAIN`
--

DROP TABLE IF EXISTS `UM_DOMAIN`;
/*!40101 SET @saved_cs_client     = @@character_set_client */;
/*!40101 SET character_set_client = utf8 */;
CREATE TABLE `UM_DOMAIN` (
  `UM_DOMAIN_ID` int(11) NOT NULL AUTO_INCREMENT,
  `UM_DOMAIN_NAME` varchar(255) DEFAULT NULL,
  `UM_TENANT_ID` int(11) NOT NULL DEFAULT '0',
  PRIMARY KEY (`UM_DOMAIN_ID`,`UM_TENANT_ID`)
) ENGINE=InnoDB AUTO_INCREMENT=6 DEFAULT CHARSET=latin1;
/*!40101 SET character_set_client = @saved_cs_client */;

--
-- Dumping data for table `UM_DOMAIN`
--

LOCK TABLES `UM_DOMAIN` WRITE;
/*!40000 ALTER TABLE `UM_DOMAIN` DISABLE KEYS */;
INSERT INTO `UM_DOMAIN` VALUES (1,'PRIMARY',-1234),(2,'SYSTEM',-1234),(3,'INTERNAL',-1234),(4,'APPLICATION',-1234),(5,'WORKFLOW',-1234);
/*!40000 ALTER TABLE `UM_DOMAIN` ENABLE KEYS */;
UNLOCK TABLES;

--
-- Table structure for table `UM_HYBRID_REMEMBER_ME`
--

DROP TABLE IF EXISTS `UM_HYBRID_REMEMBER_ME`;
/*!40101 SET @saved_cs_client     = @@character_set_client */;
/*!40101 SET character_set_client = utf8 */;
CREATE TABLE `UM_HYBRID_REMEMBER_ME` (
  `UM_ID` int(11) NOT NULL AUTO_INCREMENT,
  `UM_USER_NAME` varchar(255) NOT NULL,
  `UM_COOKIE_VALUE` varchar(1024) DEFAULT NULL,
  `UM_CREATED_TIME` timestamp NOT NULL DEFAULT CURRENT_TIMESTAMP ON UPDATE CURRENT_TIMESTAMP,
  `UM_TENANT_ID` int(11) NOT NULL DEFAULT '0',
  PRIMARY KEY (`UM_ID`,`UM_TENANT_ID`)
) ENGINE=InnoDB DEFAULT CHARSET=latin1;
/*!40101 SET character_set_client = @saved_cs_client */;

--
-- Dumping data for table `UM_HYBRID_REMEMBER_ME`
--

LOCK TABLES `UM_HYBRID_REMEMBER_ME` WRITE;
/*!40000 ALTER TABLE `UM_HYBRID_REMEMBER_ME` DISABLE KEYS */;
/*!40000 ALTER TABLE `UM_HYBRID_REMEMBER_ME` ENABLE KEYS */;
UNLOCK TABLES;

--
-- Table structure for table `UM_HYBRID_ROLE`
--

DROP TABLE IF EXISTS `UM_HYBRID_ROLE`;
/*!40101 SET @saved_cs_client     = @@character_set_client */;
/*!40101 SET character_set_client = utf8 */;
CREATE TABLE `UM_HYBRID_ROLE` (
  `UM_ID` int(11) NOT NULL AUTO_INCREMENT,
  `UM_ROLE_NAME` varchar(255) DEFAULT NULL,
  `UM_TENANT_ID` int(11) NOT NULL DEFAULT '0',
  PRIMARY KEY (`UM_ID`,`UM_TENANT_ID`)
) ENGINE=InnoDB AUTO_INCREMENT=6 DEFAULT CHARSET=latin1;
/*!40101 SET character_set_client = @saved_cs_client */;

--
-- Dumping data for table `UM_HYBRID_ROLE`
--

LOCK TABLES `UM_HYBRID_ROLE` WRITE;
/*!40000 ALTER TABLE `UM_HYBRID_ROLE` DISABLE KEYS */;
INSERT INTO `UM_HYBRID_ROLE` VALUES (1,'everyone',-1234),(2,'publisher',-1234),(3,'creator',-1234),(4,'subscriber',-1234),(5,'Application/admin_econtreras-admin_PRODUCTION',-1234);
/*!40000 ALTER TABLE `UM_HYBRID_ROLE` ENABLE KEYS */;
UNLOCK TABLES;

--
-- Table structure for table `UM_HYBRID_USER_ROLE`
--

DROP TABLE IF EXISTS `UM_HYBRID_USER_ROLE`;
/*!40101 SET @saved_cs_client     = @@character_set_client */;
/*!40101 SET character_set_client = utf8 */;
CREATE TABLE `UM_HYBRID_USER_ROLE` (
  `UM_ID` int(11) NOT NULL AUTO_INCREMENT,
  `UM_USER_NAME` varchar(255) DEFAULT NULL,
  `UM_ROLE_ID` int(11) NOT NULL,
  `UM_TENANT_ID` int(11) NOT NULL DEFAULT '0',
  `UM_DOMAIN_ID` int(11) DEFAULT NULL,
  PRIMARY KEY (`UM_ID`,`UM_TENANT_ID`),
  UNIQUE KEY `UM_USER_NAME` (`UM_USER_NAME`,`UM_ROLE_ID`,`UM_TENANT_ID`,`UM_DOMAIN_ID`),
  KEY `UM_ROLE_ID` (`UM_ROLE_ID`,`UM_TENANT_ID`),
  KEY `UM_DOMAIN_ID` (`UM_DOMAIN_ID`,`UM_TENANT_ID`),
  CONSTRAINT `UM_HYBRID_USER_ROLE_ibfk_1` FOREIGN KEY (`UM_ROLE_ID`, `UM_TENANT_ID`) REFERENCES `UM_HYBRID_ROLE` (`UM_ID`, `UM_TENANT_ID`) ON DELETE CASCADE,
  CONSTRAINT `UM_HYBRID_USER_ROLE_ibfk_2` FOREIGN KEY (`UM_DOMAIN_ID`, `UM_TENANT_ID`) REFERENCES `UM_DOMAIN` (`UM_DOMAIN_ID`, `UM_TENANT_ID`) ON DELETE CASCADE
) ENGINE=InnoDB AUTO_INCREMENT=5 DEFAULT CHARSET=latin1;
/*!40101 SET character_set_client = @saved_cs_client */;

--
-- Dumping data for table `UM_HYBRID_USER_ROLE`
--

LOCK TABLES `UM_HYBRID_USER_ROLE` WRITE;
/*!40000 ALTER TABLE `UM_HYBRID_USER_ROLE` DISABLE KEYS */;
INSERT INTO `UM_HYBRID_USER_ROLE` VALUES (1,'admin',2,-1234,1),(2,'admin',3,-1234,1),(3,'admin',4,-1234,1),(4,'admin',5,-1234,1);
/*!40000 ALTER TABLE `UM_HYBRID_USER_ROLE` ENABLE KEYS */;
UNLOCK TABLES;

--
-- Table structure for table `UM_MODULE`
--

DROP TABLE IF EXISTS `UM_MODULE`;
/*!40101 SET @saved_cs_client     = @@character_set_client */;
/*!40101 SET character_set_client = utf8 */;
CREATE TABLE `UM_MODULE` (
  `UM_ID` int(11) NOT NULL AUTO_INCREMENT,
  `UM_MODULE_NAME` varchar(100) DEFAULT NULL,
  PRIMARY KEY (`UM_ID`),
  UNIQUE KEY `UM_MODULE_NAME` (`UM_MODULE_NAME`)
) ENGINE=InnoDB DEFAULT CHARSET=latin1;
/*!40101 SET character_set_client = @saved_cs_client */;

--
-- Dumping data for table `UM_MODULE`
--

LOCK TABLES `UM_MODULE` WRITE;
/*!40000 ALTER TABLE `UM_MODULE` DISABLE KEYS */;
/*!40000 ALTER TABLE `UM_MODULE` ENABLE KEYS */;
UNLOCK TABLES;

--
-- Table structure for table `UM_MODULE_ACTIONS`
--

DROP TABLE IF EXISTS `UM_MODULE_ACTIONS`;
/*!40101 SET @saved_cs_client     = @@character_set_client */;
/*!40101 SET character_set_client = utf8 */;
CREATE TABLE `UM_MODULE_ACTIONS` (
  `UM_ACTION` varchar(255) NOT NULL,
  `UM_MODULE_ID` int(11) NOT NULL,
  PRIMARY KEY (`UM_ACTION`,`UM_MODULE_ID`),
  KEY `UM_MODULE_ID` (`UM_MODULE_ID`),
  CONSTRAINT `UM_MODULE_ACTIONS_ibfk_1` FOREIGN KEY (`UM_MODULE_ID`) REFERENCES `UM_MODULE` (`UM_ID`) ON DELETE CASCADE
) ENGINE=InnoDB DEFAULT CHARSET=latin1;
/*!40101 SET character_set_client = @saved_cs_client */;

--
-- Dumping data for table `UM_MODULE_ACTIONS`
--

LOCK TABLES `UM_MODULE_ACTIONS` WRITE;
/*!40000 ALTER TABLE `UM_MODULE_ACTIONS` DISABLE KEYS */;
/*!40000 ALTER TABLE `UM_MODULE_ACTIONS` ENABLE KEYS */;
UNLOCK TABLES;

--
-- Table structure for table `UM_PERMISSION`
--

DROP TABLE IF EXISTS `UM_PERMISSION`;
/*!40101 SET @saved_cs_client     = @@character_set_client */;
/*!40101 SET character_set_client = utf8 */;
CREATE TABLE `UM_PERMISSION` (
  `UM_ID` int(11) NOT NULL AUTO_INCREMENT,
  `UM_RESOURCE_ID` varchar(255) NOT NULL,
  `UM_ACTION` varchar(255) NOT NULL,
  `UM_TENANT_ID` int(11) NOT NULL DEFAULT '0',
  `UM_MODULE_ID` int(11) DEFAULT '0',
  PRIMARY KEY (`UM_ID`,`UM_TENANT_ID`),
  UNIQUE KEY `UM_RESOURCE_ID` (`UM_RESOURCE_ID`,`UM_ACTION`,`UM_TENANT_ID`),
  KEY `INDEX_UM_PERMISSION_UM_RESOURCE_ID_UM_ACTION` (`UM_RESOURCE_ID`,`UM_ACTION`,`UM_TENANT_ID`)
) ENGINE=InnoDB AUTO_INCREMENT=47 DEFAULT CHARSET=latin1;
/*!40101 SET character_set_client = @saved_cs_client */;

--
-- Dumping data for table `UM_PERMISSION`
--

LOCK TABLES `UM_PERMISSION` WRITE;
/*!40000 ALTER TABLE `UM_PERMISSION` DISABLE KEYS */;
INSERT INTO `UM_PERMISSION` VALUES (1,'/permission','ui.execute',-1234,0),(2,'/','http://www.wso2.org/projects/registry/actions/get',-1234,0),(3,'/','http://www.wso2.org/projects/registry/actions/add',-1234,0),(4,'/','http://www.wso2.org/projects/registry/actions/delete',-1234,0),(5,'/','authorize',-1234,0),(6,'/_system/governance/forumtopics','http://www.wso2.org/projects/registry/actions/get',-1234,0),(7,'/_system/governance/forumtopics','http://www.wso2.org/projects/registry/actions/add',-1234,0),(8,'/_system/governance/apimgt/externalstores/external-api-stores.xml','http://www.wso2.org/projects/registry/actions/get',-1234,0),(9,'/_system/governance/apimgt/statistics/ga-config.xml','http://www.wso2.org/projects/registry/actions/get',-1234,0),(10,'/_system/governance/apimgt/applicationdata/icons','http://www.wso2.org/projects/registry/actions/get',-1234,0),(11,'/permission/admin/login','ui.execute',-1234,0),(12,'/permission/admin/manage/api/publish','ui.execute',-1234,0),(13,'/_system/governance/repository/components/org.wso2.carbon.governance/lifecycles/history','http://www.wso2.org/projects/registry/actions/get',-1234,0),(14,'/_system/governance/repository/components/org.wso2.carbon.governance/lifecycles/history','http://www.wso2.org/projects/registry/actions/add',-1234,0),(15,'/_system/governance/repository/components/org.wso2.carbon.governance/lifecycles/history','http://www.wso2.org/projects/registry/actions/delete',-1234,0),(16,'/_system/governance/apimgt/applicationdata','http://www.wso2.org/projects/registry/actions/get',-1234,0),(17,'/_system/governance/apimgt/applicationdata','http://www.wso2.org/projects/registry/actions/add',-1234,0),(18,'/_system/governance/apimgt/applicationdata','http://www.wso2.org/projects/registry/actions/delete',-1234,0),(19,'/permission/admin/manage/api/create','ui.execute',-1234,0),(20,'/_system/governance/trunk','http://www.wso2.org/projects/registry/actions/get',-1234,0),(21,'/_system/governance/trunk','http://www.wso2.org/projects/registry/actions/add',-1234,0),(22,'/_system/governance/trunk','http://www.wso2.org/projects/registry/actions/delete',-1234,0),(23,'/permission/admin/configure/governance','ui.execute',-1234,0),(24,'/permission/admin/manage/resources/govern','ui.execute',-1234,0),(25,'/permission/admin/manage/api/subscribe','ui.execute',-1234,0),(26,'/_system/config/repository/components/org.wso2.carbon.captcha-images','http://www.wso2.org/projects/registry/actions/get',-1234,0),(27,'/_system/config/repository/components/org.wso2.carbon.captcha-images','http://www.wso2.org/projects/registry/actions/add',-1234,0),(28,'/_system/config/repository/components/org.wso2.carbon.captcha-images','http://www.wso2.org/projects/registry/actions/delete',-1234,0),(29,'/_system/config/repository/components/org.wso2.carbon.captcha-images','authorize',-1234,0),(30,'/_system/governance/repository/components/org.wso2.carbon.all-themes','http://www.wso2.org/projects/registry/actions/get',-1234,0),(31,'/_system/governance/repository/components/org.wso2.carbon.all-themes','http://www.wso2.org/projects/registry/actions/add',-1234,0),(32,'/_system/governance/repository/components/org.wso2.carbon.all-themes','http://www.wso2.org/projects/registry/actions/delete',-1234,0),(33,'/_system/governance/repository/components/org.wso2.carbon.all-themes','authorize',-1234,0),(34,'event/topics/throttledata','subscribe',-1234,0),(35,'event/topics/throttledata','publish',-1234,0),(36,'event/topics/throttledata','changePermission',-1234,0),(37,'/_system/governance/repository/components/org.wso2.carbon.governance/types/api.rxt','http://www.wso2.org/projects/registry/actions/get',-1234,0),(38,'/_system/governance/repository/components/org.wso2.carbon.governance/types/documentation.rxt','http://www.wso2.org/projects/registry/actions/get',-1234,0),(39,'/_system/governance/repository/components/org.wso2.carbon.governance/types/provider.rxt','http://www.wso2.org/projects/registry/actions/get',-1234,0),(40,'/_system/governance/apimgt/applicationdata/provider/admin/api-econtreras/v1/api','http://www.wso2.org/projects/registry/actions/get',-1234,0),(45,'/_system/governance/apimgt/applicationdata/provider/admin/api-econtreras/v1/swagger.json','http://www.wso2.org/projects/registry/actions/get',-1234,0),(46,'/_system/governance/repository/components/org.wso2.carbon.governance','http://www.wso2.org/projects/registry/actions/get',-1234,0);
/*!40000 ALTER TABLE `UM_PERMISSION` ENABLE KEYS */;
UNLOCK TABLES;

--
-- Table structure for table `UM_PROFILE_CONFIG`
--

DROP TABLE IF EXISTS `UM_PROFILE_CONFIG`;
/*!40101 SET @saved_cs_client     = @@character_set_client */;
/*!40101 SET character_set_client = utf8 */;
CREATE TABLE `UM_PROFILE_CONFIG` (
  `UM_ID` int(11) NOT NULL AUTO_INCREMENT,
  `UM_DIALECT_ID` int(11) NOT NULL,
  `UM_PROFILE_NAME` varchar(255) DEFAULT NULL,
  `UM_TENANT_ID` int(11) NOT NULL DEFAULT '0',
  PRIMARY KEY (`UM_ID`,`UM_TENANT_ID`),
  KEY `UM_DIALECT_ID` (`UM_DIALECT_ID`,`UM_TENANT_ID`),
  CONSTRAINT `UM_PROFILE_CONFIG_ibfk_1` FOREIGN KEY (`UM_DIALECT_ID`, `UM_TENANT_ID`) REFERENCES `UM_DIALECT` (`UM_ID`, `UM_TENANT_ID`)
) ENGINE=InnoDB DEFAULT CHARSET=latin1;
/*!40101 SET character_set_client = @saved_cs_client */;

--
-- Dumping data for table `UM_PROFILE_CONFIG`
--

LOCK TABLES `UM_PROFILE_CONFIG` WRITE;
/*!40000 ALTER TABLE `UM_PROFILE_CONFIG` DISABLE KEYS */;
/*!40000 ALTER TABLE `UM_PROFILE_CONFIG` ENABLE KEYS */;
UNLOCK TABLES;

--
-- Table structure for table `UM_ROLE`
--

DROP TABLE IF EXISTS `UM_ROLE`;
/*!40101 SET @saved_cs_client     = @@character_set_client */;
/*!40101 SET character_set_client = utf8 */;
CREATE TABLE `UM_ROLE` (
  `UM_ID` int(11) NOT NULL AUTO_INCREMENT,
  `UM_ROLE_NAME` varchar(255) NOT NULL,
  `UM_TENANT_ID` int(11) NOT NULL DEFAULT '0',
  `UM_SHARED_ROLE` tinyint(1) DEFAULT '0',
  PRIMARY KEY (`UM_ID`,`UM_TENANT_ID`),
  UNIQUE KEY `UM_ROLE_NAME` (`UM_ROLE_NAME`,`UM_TENANT_ID`)
) ENGINE=InnoDB AUTO_INCREMENT=2 DEFAULT CHARSET=latin1;
/*!40101 SET character_set_client = @saved_cs_client */;

--
-- Dumping data for table `UM_ROLE`
--

LOCK TABLES `UM_ROLE` WRITE;
/*!40000 ALTER TABLE `UM_ROLE` DISABLE KEYS */;
INSERT INTO `UM_ROLE` VALUES (1,'admin',-1234,0);
/*!40000 ALTER TABLE `UM_ROLE` ENABLE KEYS */;
UNLOCK TABLES;

--
-- Table structure for table `UM_ROLE_PERMISSION`
--

DROP TABLE IF EXISTS `UM_ROLE_PERMISSION`;
/*!40101 SET @saved_cs_client     = @@character_set_client */;
/*!40101 SET character_set_client = utf8 */;
CREATE TABLE `UM_ROLE_PERMISSION` (
  `UM_ID` int(11) NOT NULL AUTO_INCREMENT,
  `UM_PERMISSION_ID` int(11) NOT NULL,
  `UM_ROLE_NAME` varchar(255) NOT NULL,
  `UM_IS_ALLOWED` smallint(6) NOT NULL,
  `UM_TENANT_ID` int(11) NOT NULL DEFAULT '0',
  `UM_DOMAIN_ID` int(11) DEFAULT NULL,
  PRIMARY KEY (`UM_ID`,`UM_TENANT_ID`),
  UNIQUE KEY `UM_PERMISSION_ID` (`UM_PERMISSION_ID`,`UM_ROLE_NAME`,`UM_TENANT_ID`,`UM_DOMAIN_ID`),
  KEY `UM_PERMISSION_ID_2` (`UM_PERMISSION_ID`,`UM_TENANT_ID`),
  KEY `UM_DOMAIN_ID` (`UM_DOMAIN_ID`,`UM_TENANT_ID`),
  CONSTRAINT `UM_ROLE_PERMISSION_ibfk_1` FOREIGN KEY (`UM_PERMISSION_ID`, `UM_TENANT_ID`) REFERENCES `UM_PERMISSION` (`UM_ID`, `UM_TENANT_ID`) ON DELETE CASCADE,
  CONSTRAINT `UM_ROLE_PERMISSION_ibfk_2` FOREIGN KEY (`UM_DOMAIN_ID`, `UM_TENANT_ID`) REFERENCES `UM_DOMAIN` (`UM_DOMAIN_ID`, `UM_TENANT_ID`) ON DELETE CASCADE
) ENGINE=InnoDB AUTO_INCREMENT=63 DEFAULT CHARSET=latin1;
/*!40101 SET character_set_client = @saved_cs_client */;

--
-- Dumping data for table `UM_ROLE_PERMISSION`
--

LOCK TABLES `UM_ROLE_PERMISSION` WRITE;
/*!40000 ALTER TABLE `UM_ROLE_PERMISSION` DISABLE KEYS */;
INSERT INTO `UM_ROLE_PERMISSION` VALUES (1,1,'admin',1,-1234,1),(2,2,'admin',1,-1234,1),(3,3,'admin',1,-1234,1),(4,4,'admin',1,-1234,1),(5,5,'admin',1,-1234,1),(6,2,'everyone',1,-1234,3),(7,6,'wso2.anonymous.role',1,-1234,2),(8,6,'everyone',1,-1234,3),(9,7,'everyone',1,-1234,3),(10,8,'everyone',0,-1234,3),(11,9,'everyone',0,-1234,3),(12,10,'wso2.anonymous.role',1,-1234,2),(13,11,'publisher',1,-1234,3),(14,12,'publisher',1,-1234,3),(15,13,'publisher',1,-1234,3),(16,14,'publisher',1,-1234,3),(17,15,'publisher',1,-1234,3),(18,16,'publisher',1,-1234,3),(19,17,'publisher',1,-1234,3),(20,18,'publisher',1,-1234,3),(21,11,'creator',1,-1234,3),(22,19,'creator',1,-1234,3),(23,13,'creator',1,-1234,3),(24,14,'creator',1,-1234,3),(25,15,'creator',1,-1234,3),(26,20,'creator',1,-1234,3),(27,21,'creator',1,-1234,3),(28,22,'creator',1,-1234,3),(29,16,'creator',1,-1234,3),(30,17,'creator',1,-1234,3),(31,18,'creator',1,-1234,3),(32,23,'creator',1,-1234,3),(33,24,'creator',1,-1234,3),(34,11,'subscriber',1,-1234,3),(35,25,'subscriber',1,-1234,3),(36,26,'wso2.anonymous.role',1,-1234,2),(37,27,'wso2.anonymous.role',0,-1234,2),(38,28,'wso2.anonymous.role',0,-1234,2),(39,29,'wso2.anonymous.role',0,-1234,2),(40,30,'wso2.anonymous.role',1,-1234,2),(41,31,'wso2.anonymous.role',0,-1234,2),(42,32,'wso2.anonymous.role',0,-1234,2),(43,33,'wso2.anonymous.role',0,-1234,2),(44,34,'admin',1,-1234,1),(45,35,'admin',1,-1234,1),(46,36,'admin',1,-1234,1),(47,37,'wso2.anonymous.role',1,-1234,2),(48,38,'wso2.anonymous.role',1,-1234,2),(49,39,'wso2.anonymous.role',1,-1234,2),(50,40,'everyone',1,-1234,3),(51,40,'wso2.anonymous.role',1,-1234,2),(60,45,'everyone',1,-1234,3),(61,45,'wso2.anonymous.role',1,-1234,2),(62,46,'wso2.anonymous.role',1,-1234,2);
/*!40000 ALTER TABLE `UM_ROLE_PERMISSION` ENABLE KEYS */;
UNLOCK TABLES;

--
-- Table structure for table `UM_SHARED_USER_ROLE`
--

DROP TABLE IF EXISTS `UM_SHARED_USER_ROLE`;
/*!40101 SET @saved_cs_client     = @@character_set_client */;
/*!40101 SET character_set_client = utf8 */;
CREATE TABLE `UM_SHARED_USER_ROLE` (
  `UM_ROLE_ID` int(11) NOT NULL,
  `UM_USER_ID` int(11) NOT NULL,
  `UM_USER_TENANT_ID` int(11) NOT NULL,
  `UM_ROLE_TENANT_ID` int(11) NOT NULL,
  UNIQUE KEY `UM_USER_ID` (`UM_USER_ID`,`UM_ROLE_ID`,`UM_USER_TENANT_ID`,`UM_ROLE_TENANT_ID`),
  KEY `UM_ROLE_ID` (`UM_ROLE_ID`,`UM_ROLE_TENANT_ID`),
  KEY `UM_USER_ID_2` (`UM_USER_ID`,`UM_USER_TENANT_ID`),
  CONSTRAINT `UM_SHARED_USER_ROLE_ibfk_1` FOREIGN KEY (`UM_ROLE_ID`, `UM_ROLE_TENANT_ID`) REFERENCES `UM_ROLE` (`UM_ID`, `UM_TENANT_ID`) ON DELETE CASCADE,
  CONSTRAINT `UM_SHARED_USER_ROLE_ibfk_2` FOREIGN KEY (`UM_USER_ID`, `UM_USER_TENANT_ID`) REFERENCES `UM_USER` (`UM_ID`, `UM_TENANT_ID`) ON DELETE CASCADE
) ENGINE=InnoDB DEFAULT CHARSET=latin1;
/*!40101 SET character_set_client = @saved_cs_client */;

--
-- Dumping data for table `UM_SHARED_USER_ROLE`
--

LOCK TABLES `UM_SHARED_USER_ROLE` WRITE;
/*!40000 ALTER TABLE `UM_SHARED_USER_ROLE` DISABLE KEYS */;
/*!40000 ALTER TABLE `UM_SHARED_USER_ROLE` ENABLE KEYS */;
UNLOCK TABLES;

--
-- Table structure for table `UM_SYSTEM_ROLE`
--

DROP TABLE IF EXISTS `UM_SYSTEM_ROLE`;
/*!40101 SET @saved_cs_client     = @@character_set_client */;
/*!40101 SET character_set_client = utf8 */;
CREATE TABLE `UM_SYSTEM_ROLE` (
  `UM_ID` int(11) NOT NULL AUTO_INCREMENT,
  `UM_ROLE_NAME` varchar(255) DEFAULT NULL,
  `UM_TENANT_ID` int(11) NOT NULL DEFAULT '0',
  PRIMARY KEY (`UM_ID`,`UM_TENANT_ID`),
  KEY `SYSTEM_ROLE_IND_BY_RN_TI` (`UM_ROLE_NAME`,`UM_TENANT_ID`)
) ENGINE=InnoDB AUTO_INCREMENT=2 DEFAULT CHARSET=latin1;
/*!40101 SET character_set_client = @saved_cs_client */;

--
-- Dumping data for table `UM_SYSTEM_ROLE`
--

LOCK TABLES `UM_SYSTEM_ROLE` WRITE;
/*!40000 ALTER TABLE `UM_SYSTEM_ROLE` DISABLE KEYS */;
INSERT INTO `UM_SYSTEM_ROLE` VALUES (1,'wso2.anonymous.role',-1234);
/*!40000 ALTER TABLE `UM_SYSTEM_ROLE` ENABLE KEYS */;
UNLOCK TABLES;

--
-- Table structure for table `UM_SYSTEM_USER`
--

DROP TABLE IF EXISTS `UM_SYSTEM_USER`;
/*!40101 SET @saved_cs_client     = @@character_set_client */;
/*!40101 SET character_set_client = utf8 */;
CREATE TABLE `UM_SYSTEM_USER` (
  `UM_ID` int(11) NOT NULL AUTO_INCREMENT,
  `UM_USER_NAME` varchar(255) NOT NULL,
  `UM_USER_PASSWORD` varchar(255) NOT NULL,
  `UM_SALT_VALUE` varchar(31) DEFAULT NULL,
  `UM_REQUIRE_CHANGE` tinyint(1) DEFAULT '0',
  `UM_CHANGED_TIME` timestamp NOT NULL DEFAULT CURRENT_TIMESTAMP ON UPDATE CURRENT_TIMESTAMP,
  `UM_TENANT_ID` int(11) NOT NULL DEFAULT '0',
  PRIMARY KEY (`UM_ID`,`UM_TENANT_ID`),
  UNIQUE KEY `UM_USER_NAME` (`UM_USER_NAME`,`UM_TENANT_ID`)
) ENGINE=InnoDB AUTO_INCREMENT=2 DEFAULT CHARSET=latin1;
/*!40101 SET character_set_client = @saved_cs_client */;

--
-- Dumping data for table `UM_SYSTEM_USER`
--

LOCK TABLES `UM_SYSTEM_USER` WRITE;
/*!40000 ALTER TABLE `UM_SYSTEM_USER` DISABLE KEYS */;
INSERT INTO `UM_SYSTEM_USER` VALUES (1,'wso2.anonymous.user','/czjzkNN+dZfr85bbUmKq6oUXPbejafcJIKxwu3Otl8=','BtitA3oGe+gd8PVCFLn4eA==',0,'2019-08-27 01:18:36',-1234);
/*!40000 ALTER TABLE `UM_SYSTEM_USER` ENABLE KEYS */;
UNLOCK TABLES;

--
-- Table structure for table `UM_SYSTEM_USER_ROLE`
--

DROP TABLE IF EXISTS `UM_SYSTEM_USER_ROLE`;
/*!40101 SET @saved_cs_client     = @@character_set_client */;
/*!40101 SET character_set_client = utf8 */;
CREATE TABLE `UM_SYSTEM_USER_ROLE` (
  `UM_ID` int(11) NOT NULL AUTO_INCREMENT,
  `UM_USER_NAME` varchar(255) DEFAULT NULL,
  `UM_ROLE_ID` int(11) NOT NULL,
  `UM_TENANT_ID` int(11) NOT NULL DEFAULT '0',
  PRIMARY KEY (`UM_ID`,`UM_TENANT_ID`),
  UNIQUE KEY `UM_USER_NAME` (`UM_USER_NAME`,`UM_ROLE_ID`,`UM_TENANT_ID`),
  KEY `UM_ROLE_ID` (`UM_ROLE_ID`,`UM_TENANT_ID`),
  CONSTRAINT `UM_SYSTEM_USER_ROLE_ibfk_1` FOREIGN KEY (`UM_ROLE_ID`, `UM_TENANT_ID`) REFERENCES `UM_SYSTEM_ROLE` (`UM_ID`, `UM_TENANT_ID`)
) ENGINE=InnoDB AUTO_INCREMENT=2 DEFAULT CHARSET=latin1;
/*!40101 SET character_set_client = @saved_cs_client */;

--
-- Dumping data for table `UM_SYSTEM_USER_ROLE`
--

LOCK TABLES `UM_SYSTEM_USER_ROLE` WRITE;
/*!40000 ALTER TABLE `UM_SYSTEM_USER_ROLE` DISABLE KEYS */;
INSERT INTO `UM_SYSTEM_USER_ROLE` VALUES (1,'wso2.anonymous.user',1,-1234);
/*!40000 ALTER TABLE `UM_SYSTEM_USER_ROLE` ENABLE KEYS */;
UNLOCK TABLES;

--
-- Table structure for table `UM_TENANT`
--

DROP TABLE IF EXISTS `UM_TENANT`;
/*!40101 SET @saved_cs_client     = @@character_set_client */;
/*!40101 SET character_set_client = utf8 */;
CREATE TABLE `UM_TENANT` (
  `UM_ID` int(11) NOT NULL AUTO_INCREMENT,
  `UM_DOMAIN_NAME` varchar(255) NOT NULL,
  `UM_EMAIL` varchar(255) DEFAULT NULL,
  `UM_ACTIVE` tinyint(1) DEFAULT '0',
  `UM_CREATED_DATE` timestamp NOT NULL DEFAULT CURRENT_TIMESTAMP ON UPDATE CURRENT_TIMESTAMP,
  `UM_USER_CONFIG` longblob,
  PRIMARY KEY (`UM_ID`),
  UNIQUE KEY `UM_DOMAIN_NAME` (`UM_DOMAIN_NAME`),
  UNIQUE KEY `INDEX_UM_TENANT_UM_DOMAIN_NAME` (`UM_DOMAIN_NAME`)
) ENGINE=InnoDB DEFAULT CHARSET=latin1;
/*!40101 SET character_set_client = @saved_cs_client */;

--
-- Dumping data for table `UM_TENANT`
--

LOCK TABLES `UM_TENANT` WRITE;
/*!40000 ALTER TABLE `UM_TENANT` DISABLE KEYS */;
/*!40000 ALTER TABLE `UM_TENANT` ENABLE KEYS */;
UNLOCK TABLES;

--
-- Table structure for table `UM_USER`
--

DROP TABLE IF EXISTS `UM_USER`;
/*!40101 SET @saved_cs_client     = @@character_set_client */;
/*!40101 SET character_set_client = utf8 */;
CREATE TABLE `UM_USER` (
  `UM_ID` int(11) NOT NULL AUTO_INCREMENT,
  `UM_USER_NAME` varchar(255) NOT NULL,
  `UM_USER_PASSWORD` varchar(255) NOT NULL,
  `UM_SALT_VALUE` varchar(31) DEFAULT NULL,
  `UM_REQUIRE_CHANGE` tinyint(1) DEFAULT '0',
  `UM_CHANGED_TIME` timestamp NOT NULL DEFAULT CURRENT_TIMESTAMP ON UPDATE CURRENT_TIMESTAMP,
  `UM_TENANT_ID` int(11) NOT NULL DEFAULT '0',
  PRIMARY KEY (`UM_ID`,`UM_TENANT_ID`),
  UNIQUE KEY `UM_USER_NAME` (`UM_USER_NAME`,`UM_TENANT_ID`)
) ENGINE=InnoDB AUTO_INCREMENT=2 DEFAULT CHARSET=latin1;
/*!40101 SET character_set_client = @saved_cs_client */;

--
-- Dumping data for table `UM_USER`
--

LOCK TABLES `UM_USER` WRITE;
/*!40000 ALTER TABLE `UM_USER` DISABLE KEYS */;
INSERT INTO `UM_USER` VALUES (1,'admin','+2byvSbbD0X+T/nqrk2TJkqTX3it20X7VF7nKOumAhE=','aebqtOpVD+GXPIP2Lnk/iw==',0,'2019-08-27 01:18:36',-1234);
/*!40000 ALTER TABLE `UM_USER` ENABLE KEYS */;
UNLOCK TABLES;

--
-- Table structure for table `UM_USER_ATTRIBUTE`
--

DROP TABLE IF EXISTS `UM_USER_ATTRIBUTE`;
/*!40101 SET @saved_cs_client     = @@character_set_client */;
/*!40101 SET character_set_client = utf8 */;
CREATE TABLE `UM_USER_ATTRIBUTE` (
  `UM_ID` int(11) NOT NULL AUTO_INCREMENT,
  `UM_ATTR_NAME` varchar(255) NOT NULL,
  `UM_ATTR_VALUE` varchar(1024) DEFAULT NULL,
  `UM_PROFILE_ID` varchar(255) DEFAULT NULL,
  `UM_USER_ID` int(11) DEFAULT NULL,
  `UM_TENANT_ID` int(11) NOT NULL DEFAULT '0',
  PRIMARY KEY (`UM_ID`,`UM_TENANT_ID`),
  KEY `UM_USER_ID` (`UM_USER_ID`,`UM_TENANT_ID`),
  KEY `UM_USER_ID_INDEX` (`UM_USER_ID`),
  CONSTRAINT `UM_USER_ATTRIBUTE_ibfk_1` FOREIGN KEY (`UM_USER_ID`, `UM_TENANT_ID`) REFERENCES `UM_USER` (`UM_ID`, `UM_TENANT_ID`)
) ENGINE=InnoDB DEFAULT CHARSET=latin1;
/*!40101 SET character_set_client = @saved_cs_client */;

--
-- Dumping data for table `UM_USER_ATTRIBUTE`
--

LOCK TABLES `UM_USER_ATTRIBUTE` WRITE;
/*!40000 ALTER TABLE `UM_USER_ATTRIBUTE` DISABLE KEYS */;
/*!40000 ALTER TABLE `UM_USER_ATTRIBUTE` ENABLE KEYS */;
UNLOCK TABLES;

--
-- Table structure for table `UM_USER_PERMISSION`
--

DROP TABLE IF EXISTS `UM_USER_PERMISSION`;
/*!40101 SET @saved_cs_client     = @@character_set_client */;
/*!40101 SET character_set_client = utf8 */;
CREATE TABLE `UM_USER_PERMISSION` (
  `UM_ID` int(11) NOT NULL AUTO_INCREMENT,
  `UM_PERMISSION_ID` int(11) NOT NULL,
  `UM_USER_NAME` varchar(255) NOT NULL,
  `UM_IS_ALLOWED` smallint(6) NOT NULL,
  `UM_TENANT_ID` int(11) NOT NULL DEFAULT '0',
  PRIMARY KEY (`UM_ID`,`UM_TENANT_ID`),
  KEY `UM_PERMISSION_ID` (`UM_PERMISSION_ID`,`UM_TENANT_ID`),
  CONSTRAINT `UM_USER_PERMISSION_ibfk_1` FOREIGN KEY (`UM_PERMISSION_ID`, `UM_TENANT_ID`) REFERENCES `UM_PERMISSION` (`UM_ID`, `UM_TENANT_ID`) ON DELETE CASCADE
) ENGINE=InnoDB DEFAULT CHARSET=latin1;
/*!40101 SET character_set_client = @saved_cs_client */;

--
-- Dumping data for table `UM_USER_PERMISSION`
--

LOCK TABLES `UM_USER_PERMISSION` WRITE;
/*!40000 ALTER TABLE `UM_USER_PERMISSION` DISABLE KEYS */;
/*!40000 ALTER TABLE `UM_USER_PERMISSION` ENABLE KEYS */;
UNLOCK TABLES;

--
-- Table structure for table `UM_USER_ROLE`
--

DROP TABLE IF EXISTS `UM_USER_ROLE`;
/*!40101 SET @saved_cs_client     = @@character_set_client */;
/*!40101 SET character_set_client = utf8 */;
CREATE TABLE `UM_USER_ROLE` (
  `UM_ID` int(11) NOT NULL AUTO_INCREMENT,
  `UM_ROLE_ID` int(11) NOT NULL,
  `UM_USER_ID` int(11) NOT NULL,
  `UM_TENANT_ID` int(11) NOT NULL DEFAULT '0',
  PRIMARY KEY (`UM_ID`,`UM_TENANT_ID`),
  UNIQUE KEY `UM_USER_ID` (`UM_USER_ID`,`UM_ROLE_ID`,`UM_TENANT_ID`),
  KEY `UM_ROLE_ID` (`UM_ROLE_ID`,`UM_TENANT_ID`),
  KEY `UM_USER_ID_2` (`UM_USER_ID`,`UM_TENANT_ID`),
  CONSTRAINT `UM_USER_ROLE_ibfk_1` FOREIGN KEY (`UM_ROLE_ID`, `UM_TENANT_ID`) REFERENCES `UM_ROLE` (`UM_ID`, `UM_TENANT_ID`),
  CONSTRAINT `UM_USER_ROLE_ibfk_2` FOREIGN KEY (`UM_USER_ID`, `UM_TENANT_ID`) REFERENCES `UM_USER` (`UM_ID`, `UM_TENANT_ID`)
) ENGINE=InnoDB AUTO_INCREMENT=2 DEFAULT CHARSET=latin1;
/*!40101 SET character_set_client = @saved_cs_client */;

--
-- Dumping data for table `UM_USER_ROLE`
--

LOCK TABLES `UM_USER_ROLE` WRITE;
/*!40000 ALTER TABLE `UM_USER_ROLE` DISABLE KEYS */;
INSERT INTO `UM_USER_ROLE` VALUES (1,1,1,-1234);
/*!40000 ALTER TABLE `UM_USER_ROLE` ENABLE KEYS */;
UNLOCK TABLES;
/*!40103 SET TIME_ZONE=@OLD_TIME_ZONE */;

/*!40101 SET SQL_MODE=@OLD_SQL_MODE */;
/*!40014 SET FOREIGN_KEY_CHECKS=@OLD_FOREIGN_KEY_CHECKS */;
/*!40014 SET UNIQUE_CHECKS=@OLD_UNIQUE_CHECKS */;
/*!40101 SET CHARACTER_SET_CLIENT=@OLD_CHARACTER_SET_CLIENT */;
/*!40101 SET CHARACTER_SET_RESULTS=@OLD_CHARACTER_SET_RESULTS */;
/*!40101 SET COLLATION_CONNECTION=@OLD_COLLATION_CONNECTION */;
/*!40111 SET SQL_NOTES=@OLD_SQL_NOTES */;

-- Dump completed on 2019-08-26 22:12:40
